PRAGMA foreign_keys=OFF;
BEGIN TRANSACTION;
CREATE TABLE mcp_servers (
  id INTEGER PRIMARY KEY AUTOINCREMENT,
  name TEXT NOT NULL,
  slug TEXT UNIQUE NOT NULL,
  description TEXT,
  homepage TEXT,
  repository TEXT,
  install_method TEXT CHECK(install_method IN ('brew', 'npx', 'pip', 'docker', 'manual')),
  install_command TEXT,
  dockerized INTEGER DEFAULT 0 CHECK(dockerized IN (0,1,2)),
  language TEXT,
  transport TEXT CHECK(transport IN ('stdio', 'sse', 'http-stream')),
  config_schema TEXT,
  locale TEXT DEFAULT 'en',
  pricing TEXT CHECK(pricing IN ('free', 'paid', 'freemium')),
  pricing_notes TEXT,
  features TEXT,
  source_registry TEXT,
  source_url TEXT,
  stars INTEGER,
  last_updated TEXT,
  discovered_at TEXT DEFAULT (datetime('now')),
  refreshed_at TEXT
);
INSERT INTO mcp_servers VALUES(1,'CodeBase Optimizer','codebase-optimizer-mcp','Codebase analysis and optimization tool with MCP integration','https://mcpservers.org/servers/liadgez/codebase-optimizer-mcp','https://github.com/liadgez/codebase-optimizer-mcp','pip','pip install mcp sqlite3',0,'Python','stdio',NULL,'en',NULL,NULL,'project-structure-analysis,code-duplication-detection,microservices-validation,configuration-optimization,security-analysis,performance-insights,ai-powered-learning,pattern-recognition,cross-language-support','awesome-mcp-servers','https://mcpservers.org/servers/liadgez/codebase-optimizer-mcp',0,'2025-07-01','2026-02-03 17:59:41','2026-02-03 17:59:41');
INSERT INTO mcp_servers VALUES(2,'Code Summarizer','code-summarizer','A command-line tool and MCP server that summarizes code files using Gemini Flash 2.0','https://github.com/nicobailon/code-summarizer','https://github.com/nicobailon/code-summarizer','npx','npx -y code-summarizer',0,'TypeScript','sse',NULL,'en','free',NULL,'code summarization,directory scanning,gitignore support,configurable detail levels,retry mechanism,rate limiting,authentication,MCP server,Gemini Flash 2.0','github','https://github.com/nicobailon/code-summarizer',5,'2025-03-25','2026-02-03 17:59:48','2026-02-03 17:59:48');
INSERT INTO mcp_servers VALUES(3,'Code Research MCP Server','code-research-mcp-server','MCP server for searching programming resources across Stack Overflow, MDN, GitHub, npm, and PyPI','https://github.com/nahmanmate/code-research-mcp-server','https://github.com/nahmanmate/code-research-mcp-server','npx','npx -y @smithery/cli install @nahmanmate/code-research-mcp-server --client claude',0,'JavaScript','stdio',NULL,'en','free',NULL,'stackoverflow-search, mdn-search, github-search, npm-search, pypi-search, multi-platform-search','smithery','https://smithery.ai/server/@nahmanmate/code-research-mcp-server',43,'2025-02-14','2026-02-03 18:00:04','2026-02-03 18:00:04');
INSERT INTO mcp_servers VALUES(4,'Qdrant MCP Server','qdrant-mcp-server','MCP server for semantic code search using Qdrant vector database and OpenAI embeddings','https://docs.kindash.app/qdrant-mcp','https://github.com/steiner385/qdrant-mcp-server','npx','npm install -g @kindash/qdrant-mcp-server',1,'Python,JavaScript','stdio',NULL,'en','freemium',NULL,'semantic-code-search,fast-indexing,incremental-indexing,background-monitoring,gitignore-support,persistent-storage,file-pattern-filtering,batch-processing,embedding-caching','github','https://github.com/steiner385/qdrant-mcp-server',NULL,'2026-01','2026-02-03 18:00:04',NULL);
INSERT INTO mcp_servers VALUES(5,'Code Index MCP','code-index-mcp-johnhuang','A Model Context Protocol (MCP) server that helps large language models index, search, and analyze code repositories with minimal setup','https://github.com/johnhuang316/code-index-mcp','https://github.com/johnhuang316/code-index-mcp','pip','uvx code-index-mcp',0,'Python','stdio',NULL,'en','free',NULL,'code-indexing,code-search,code-analysis,ast-parsing,tree-sitter,file-watching,multi-language,symbol-extraction','manual','https://github.com/johnhuang316/code-index-mcp',730,'2026-01-09','2026-02-03 18:00:08','2026-02-03 18:00:08');
INSERT INTO mcp_servers VALUES(6,'mcp-server-code-assist','code-assist','A Model Context Protocol server for code modification and generation. Provides tools to create, modify, and delete code via Large Language Models.',NULL,'https://github.com/abhishekbhakat/mcp_server_code_assist','pip','uvx mcp-server-code-assist',1,'Python','stdio',NULL,'en','free',NULL,'code-generation,code-modification,file-operations,xml-based-editing','github','https://github.com/abhishekbhakat/mcp_server_code_assist',2,'2025-08-22','2026-02-03 18:00:18','2026-02-03 18:00:18');
INSERT INTO mcp_servers VALUES(7,'Code Scalpel','code-scalpel','MCP server toolkit for AI agents to perform precise code operations on real codebases without hallucination. Provides 22 specialized tools for code extraction, analysis, security scanning, refactoring, and test generation using AST, PDG, and symbolic execution.',NULL,'https://github.com/tescolopio/code_scalpel_community','pip','uvx code-scalpel',0,'Python','stdio',NULL,'en','freemium','MIT License (Community Edition); Enterprise version available','ast-analysis,pdg-analysis,symbolic-execution,security-scanning,taint-analysis,code-extraction,code-refactoring,call-graph,dependency-analysis,unit-test-generation,policy-verification,audit-trail,z3-solver,cross-file-analysis,syntax-validation','github','https://github.com/tescolopio/code_scalpel_community',0,'2026-01-14','2026-02-03 18:00:26','2026-02-03 18:00:26');
INSERT INTO mcp_servers VALUES(8,'codebase-context-dumper','codebase-context-dumper','A Model Context Protocol server to dump your codebase into your LLM model. Recursively reads text files respecting .gitignore rules, skips binary files, and supports output chunking.','https://github.com/lex-tools/codebase-context-dumper','https://github.com/lex-tools/codebase-context-dumper','npx','npx -y @lex-tools/codebase-context-dumper',1,'JavaScript','stdio',NULL,'en','free',NULL,'codebase-scanning,gitignore-aware,binary-detection,chunking,file-concatenation,context-extraction','github','https://github.com/lex-tools/codebase-context-dumper',3,'2025-04-04','2026-02-03 18:00:27','2026-02-03 18:00:27');
INSERT INTO mcp_servers VALUES(9,'code-scanner-server','code-scanner-server','CLI & MCP server for scanning code definitions (.gitignore aware, LLM output)','https://mcpservers.org/servers/Ixe1/code-scanner-server','https://github.com/Ixe1/code-scanner-server','manual','git clone https://github.com/Ixe1/code-scanner-server && cd code-scanner-server && npm install && npm run build',0,'TypeScript','stdio',NULL,'en','free',NULL,'code-definition-extraction,multi-language-support,gitignore-aware,flexible-filtering,multiple-output-formats,tree-sitter-parsing','mcpservers.org','https://mcpservers.org/servers/Ixe1/code-scanner-server',3,'2025-06-23T12:58:32Z','2026-02-03 18:00:28','2026-02-03 18:00:28');
INSERT INTO mcp_servers VALUES(10,'MCP Code Crosscheck','mcp-code-crosscheck','MCP server for bias-resistant AI code review using cross-model evaluation. Implements experimental approach to reduce known biases through cross-model evaluation and bias-aware prompting strategies.','https://mcpservers.org/servers/olaservo/mcp-code-crosscheck','https://github.com/olaservo/mcp-code-crosscheck','manual','git clone https://github.com/olaservo/mcp-code-crosscheck && cd mcp-code-crosscheck && npm install && npm run build',0,'TypeScript','stdio',NULL,'en','free',NULL,'code-review,bias-mitigation,cross-model-evaluation,security,performance,maintainability,github-integration','mcpservers.org','https://mcpservers.org/servers/olaservo/mcp-code-crosscheck',27,'2025-11-27','2026-02-03 18:00:34','2026-02-03 18:00:34');
INSERT INTO mcp_servers VALUES(11,'serena-mcp-code-assist','serena-code-assist','A powerful coding agent toolkit providing semantic retrieval and editing capabilities. Features symbol-level code understanding using language servers, efficient code navigation, and multi-language support.',NULL,'https://github.com/NoCodingAi/serena-mcp-code-assist','pip','uvx --from git+https://github.com/oraios/serena serena start-mcp-server',1,'Python','stdio',NULL,'en','free',NULL,'semantic-code-analysis,language-server,code-editing,symbol-navigation,multi-language,ide-integration,shell-execution','github','https://github.com/NoCodingAi/serena-mcp-code-assist',0,'2025-08-12','2026-02-03 18:00:35','2026-02-03 18:00:35');
INSERT INTO mcp_servers VALUES(12,'Code Context Provider MCP','code-context-provider-mcp','MCP server enabling AI assistants to analyze codebases by extracting directory structures and code symbols using WebAssembly Tree-sitter parsers with zero native dependencies','https://github.com/AB498/code-context-provider-mcp','https://github.com/AB498/code-context-provider-mcp','npx','npx -y @smithery/cli install @AB498/code-context-provider-mcp --client claude',0,'JavaScript','stdio',NULL,'en',NULL,NULL,'directory-tree,code-symbols,tree-sitter,javascript,typescript,python,zero-dependencies','github','https://github.com/AB498/code-context-provider-mcp',22,'2025-09-22','2026-02-03 18:00:39','2026-02-03 18:00:39');
INSERT INTO mcp_servers VALUES(13,'Code Context Provider (Divar)','code-context-provider-divar','AI-enhanced code search and context retrieval using Sourcegraph or Zoekt search backends with LLM-powered query reformulation','https://github.com/divar-ir/code-context-provider','https://github.com/divar-ir/code-context-provider','pip','pip install -e git+https://github.com/divar-ir/code-context-provider.git#egg=code-context-provider',2,'Python','sse',NULL,'en',NULL,NULL,'sourcegraph,zoekt,ai-search,query-reformulation,langfuse,rate-limiting,multiple-backends','github','https://github.com/divar-ir/code-context-provider',11,'2025-07-27','2026-02-03 18:00:44','2026-02-03 18:00:44');
INSERT INTO mcp_servers VALUES(14,'Code Knowledge MCP Server','code-knowledge-mcptool','Knowledge management tool for code repositories using vector embeddings, providing RAG-based context and persistent memory for AI coding assistants','https://glama.ai/mcp/servers/@davidvc/code-knowledge-mcptool','https://github.com/davidvc/code-knowledge-mcptool','pip','pip install dist/code_knowledge_tool-0.1.0-py3-none-any.whl',0,'Python','stdio',NULL,'en','free',NULL,'RAG Systems,Vector Databases,Code Analysis,Local vector storage,Ollama embeddings,ChromaDB,Multi-file support,Context-aware understanding,Memory bank,Persistent knowledge','glama','https://glama.ai/mcp/servers/@davidvc/code-knowledge-mcptool',19,'2025-02-28','2026-02-03 18:01:03','2026-02-03 18:01:03');
INSERT INTO mcp_servers VALUES(15,'CodeGraphContext','codegraphcontext','An MCP server that indexes local code into a graph database to provide context to AI assistants with graphical code visualizations','https://codegraphcontext.vercel.app/','https://github.com/CodeGraphContext/CodeGraphContext','pip','pip install codegraphcontext',0,'python','stdio',NULL,'en','free',NULL,'code-indexing,graph-database,code-analysis,static-analysis,tree-sitter,neo4j,falkordb,call-chain,dead-code-detection,complexity-analysis,code-visualization,file-watching,bundle-loading,cypher-query','awesome-mcp-servers','https://github.com/punkpeye/awesome-mcp-servers',370,'2026-02-03','2026-02-03 18:01:10','2026-02-03 18:01:10');
INSERT INTO mcp_servers VALUES(16,'CodebaseIQ Pro','codebase-iq-pro','Provides AI assistants with a comprehensive, one-time analysis for complete codebase context and understanding.','https://mcpservers.org/servers/chatcbdai/codebase-iq-pro','https://github.com/chatcbdai/codebase-iq-pro','manual',NULL,0,NULL,NULL,NULL,'en','free',NULL,'codebase-analysis,ai-context,one-time-analysis','mcpservers.org','https://mcpservers.org/servers/chatcbdai/codebase-iq-pro',NULL,NULL,'2026-02-03 18:02:09','2026-02-03 18:02:09');
INSERT INTO mcp_servers VALUES(17,'HeadHunter MCP Server','sargonpiraev/hh-mcp-server','An MCP server for the HeadHunter API, focusing on job seeker functionalities','https://github.com/sargonpiraev/hh-mcp-server','https://github.com/sargonpiraev/hh-mcp-server','npx','npx -y @smithery/cli@latest install @sargonpiraev/hh-mcp-server --client <CLIENT_NAME>',0,'TypeScript','stdio',NULL,'en','free',NULL,'AI integration,Automated workflows,Complete API coverage (167+ tools),Real-time access,Professional error handling,Resume management,Vacancy search,Negotiations,Employer management,Portfolio artifacts,Salary analysis','mcpservers.org','https://mcpservers.org/servers/sargonpiraev/hh-mcp-server',1,'2025-08-07','2026-02-05 06:08:44','2026-02-05 06:08:44');
INSERT INTO mcp_servers VALUES(18,'Hatch MCP Server','hatch-mcp-server','Find emails, phone numbers, company data, and LinkedIn URLs using the Hatch API.','https://mcpservers.org/servers/Meerkats-Ai/hatch-mcp-server','https://github.com/Meerkats-Ai/hatch-mcp-server','manual','git clone https://github.com/Meerkats-Ai/hatch-mcp-server && cd hatch-mcp-server && npm install && npm run build',0,'JavaScript','stdio',NULL,'en',NULL,NULL,'email-finder,phone-finder,email-verification,company-data,linkedin-discovery,contact-enrichment,applicant-tracking,hiring-workflows','mcpservers.org','https://mcpservers.org/servers/Meerkats-Ai/hatch-mcp-server',0,'2025-04-22','2026-02-05 06:08:47','2026-02-05 06:08:47');
INSERT INTO mcp_servers VALUES(19,'Hunter MCP Server','hunter-mcp','Enables natural language interaction with Hunter B2B data API for email finding, lead generation, and contact discovery','https://hunter.io','https://github.com/hunter-io/hunter-mcp','pip','uv add --python 3.13+ or: mcp install main.py -v HUNTER_API_KEY=YOUR_HUNTER_API_KEY',0,'Python','stdio',NULL,'en','paid',NULL,'email-finder,lead-generation,b2b-data,contact-discovery,domain-search,email-verifier,email-enrichment,company-enrichment,lead-creation','mcpservers.org','https://mcpservers.org/servers/hunter-io/hunter-mcp',7,'2025-07-07','2026-02-05 06:08:48',NULL);
INSERT INTO mcp_servers VALUES(20,'LinkedIn MCP','github-com-stickerdaniel-linkedin-mcp-server','Scrape LinkedIn profiles and companies, get recommended jobs, and perform job searches.','https://github.com/stickerdaniel/linkedin-mcp-server','https://github.com/stickerdaniel/linkedin-mcp-server','pip','uvx linkedin-scraper-mcp',0,'Python','stdio',NULL,'en','free',NULL,'profile-scraping,company-analysis,job-search,job-recommendations,session-management','mcpservers.org','https://mcpservers.org/servers/github-com-stickerdaniel-linkedin-mcp-server',804,'2026-02-04','2026-02-05 06:08:51','2026-02-05 06:08:51');
INSERT INTO mcp_servers VALUES(21,'LinkedIn Profile Researcher','amankale376-profile-researcher','MCP server for comprehensive LinkedIn profile search, data extraction, and contact enrichment using Google Search, Apollo.io, and AI-powered analysis','https://mcpservers.org/servers/amankale376/linkedin-mcp','https://github.com/amankale376/profile-researcher','npx','npm install && npm run dev',0,'TypeScript',NULL,NULL,'en',NULL,NULL,'LinkedIn scraping,profile extraction,contact enrichment,data export,search automation,AI summarization,Apollo integration','mcpservers.org','https://mcpservers.org/servers/amankale376/linkedin-mcp',3,'2025-11-03','2026-02-05 06:09:09','2026-02-05 06:09:09');
INSERT INTO mcp_servers VALUES(22,'MCP Jobs','mcp-jobs','Zero-configuration job aggregation service that fetches job listings from major recruitment websites','https://mcpservers.org/servers/mergedao/mcp-jobs','https://github.com/mergedao/mcp-jobs','npx','npx -y mcp-jobs',0,'TypeScript',NULL,NULL,'en','free',NULL,'job-search,multi-platform-aggregation,zero-configuration,real-time-updates,ai-compatible','mcpservers.org','https://mcpservers.org/servers/mergedao/mcp-jobs',57,'2026-01-31','2026-02-05 06:10:23','2026-02-05 06:10:23');
INSERT INTO mcp_servers VALUES(23,'Cover Letter','cover-letter-mcp','Generates professional PDF cover letters using LaTeX with advanced folder management and Claude Desktop integration','https://github.com/AndreaCadonna/cover-letter-mcp','https://github.com/AndreaCadonna/cover-letter-mcp','docker','docker build -t cover-letter-mcp . && git clone https://github.com/AndreaCadonna/cover-letter-mcp.git',2,'Python','stdio',NULL,'en',NULL,NULL,'PDF generation,LaTeX formatting,folder management,cover letter generation,job applications,professional templates,path security,input sanitization','mcpservers.org','https://mcpservers.org/servers/AndreaCadonna/cover-letter-mcp',0,'2026-02-05 06:10:37','2026-02-05 06:10:37','2026-02-05 06:10:37');
INSERT INTO mcp_servers VALUES(24,'Google Jobs MCP Server','google-jobs-server','Model Context Protocol server implementation providing Google Jobs search capabilities via SerpAPI integration with multi-language support','https://smithery.ai/server/@chanmeng666/google-jobs-server','https://github.com/ChanMeng666/server-google-jobs','npx','npx -y @smithery/cli install @chanmeng666/google-jobs-server --client claude',0,'JavaScript','stdio',NULL,'en','free',NULL,'job-search,google-jobs,multi-language,salary-filter,location-filter,employment-type,pagination,api-integration','smithery','https://github.com/ChanMeng666/server-google-jobs',18,'2026-02-04T03:26:47Z','2026-02-05 06:10:39','2026-02-05 06:10:39');
INSERT INTO mcp_servers VALUES(25,'MCP Resume Server','mcp-resume','Fetches resume data from a GitHub gist to provide professional background context to LLMs. Supports interactive resume chat, PDF export, job description analysis, and multiple LLM providers.','https://github.com/michaelwybraniec/mcp-resume','https://github.com/michaelwybraniec/mcp-resume','manual','git clone https://github.com/michaelwybraniec/mcp-resume.git && cd mcp-resume && python -m venv venv && source venv/bin/activate && pip install -r requirements.txt',0,'Python','stdio',NULL,'en','free',NULL,'resume management, CV generation, job description analysis, interactive chat, PDF export, context matching, multi-LLM support, EU AI Act compliant','mcpservers.org','https://mcpservers.org/servers/michaelwybraniec/mcp-resume',0,'2025-12-08','2026-02-05 06:10:41','2026-02-05 06:10:41');
INSERT INTO mcp_servers VALUES(26,'Job Tracker AI','job-tracker-ai','An AI-powered MCP server for tracking job interview processes with Supabase backend','https://mcpservers.org/servers/shayyzhakov/job-tracker-ai','https://github.com/shayyzhakov/job-tracker-ai','manual','node <path-to-job-tracker>/dist/index.js <access-token>',0,'TypeScript','stdio',NULL,'en','free',NULL,'job-tracking,application-management,interview-tracking,company-profiles,contact-management,ai-powered,supabase','mcpservers.org','https://mcpservers.org/servers/shayyzhakov/job-tracker-ai',0,'2025-07-20','2026-02-05 06:10:47',NULL);
INSERT INTO mcp_servers VALUES(27,'resumake-mcp','resumake-mcp','MCP server for generating professional LaTeX resumes through Claude Desktop using natural language and resumake.io','https://github.com/AndreaCadonna/resumake-mcp','https://github.com/AndreaCadonna/resumake-mcp','manual','git clone https://github.com/AndreaCadonna/resumake-mcp && cd resumake-mcp && npm install',0,'JavaScript','stdio',NULL,'en','free',NULL,'resume-generation,pdf-export,latex-templates,folder-management,ai-powered,professional-formatting,ats-friendly,job-search,career-tools','github','https://github.com/AndreaCadonna/resumake-mcp',13,'2026-01-20T14:21:54Z','2026-02-05 06:12:05','2026-02-05 06:12:05');
INSERT INTO mcp_servers VALUES(28,'job-searchoor','job-searchoor','A simple MCP server that delivers job listings based on user needs with filtering capabilities','','https://github.com/0xDAEF0F/job-searchoor','npx','npx -y job-searchoor',0,'JavaScript',NULL,NULL,'en','free',NULL,'job-search,filtering,keywords,remote-work,time-based-search','github','https://github.com/0xDAEF0F/job-searchoor',58,'2026-02-04T04:02:08Z','2026-02-05 06:12:08','2026-02-05 06:12:08');
INSERT INTO mcp_servers VALUES(29,'CV Forge','cv-forge','MCP server that analyzes job postings and creates tailored, ATS-friendly CVs matched to specific job requirements','https://github.com/thechandanbhagat/cv-forge','https://github.com/thechandanbhagat/cv-forge','npx','npm install -g cv-forge',0,'TypeScript','stdio',NULL,'en','free',NULL,'job-parsing,cv-generation,tailored-cv,ats-friendly,cover-letter,email-template,pdf-export,html-export,markdown-export','github','https://github.com/thechandanbhagat/cv-forge',23,'2025-12-19','2026-02-05 06:12:10','2026-02-05 06:12:10');
INSERT INTO mcp_servers VALUES(30,'Coresignal MCP','coresignal-mcp','Enables seamless integration of Coresignal''s B2B data with AI-powered applications. Access to 74M+ company records, 823M+ employee records, and 399M+ job posting records.','https://coresignal.com','https://github.com/Coresignal-com/coresignal-mcp','npx','npx mcp-remote@0.0.22 https://mcp.coresignal.com/mcp --header apikey:${APIKEY_VALUE}',0,NULL,'http-stream',NULL,'en','paid','Requires API key authentication. Pay-as-you-go pricing for data access.','B2B data,company data,employee data,job postings,market intelligence,business intelligence','github','https://github.com/Coresignal-com/coresignal-mcp',3,'2025-10-08','2026-02-05 06:12:11','2026-02-05 06:12:11');
INSERT INTO mcp_servers VALUES(31,'JobApply MCP Server','jobapply-mcp-server','A Model Context Protocol (MCP) server designed to help with job applications by analyzing job postings and optimizing resumes and cover letters.','','https://github.com/Sakshee5/jobapply-mcp-server','pip','pip install -r requirements.txt && mcp install main.py',0,'Python','stdio',NULL,'en','free',NULL,'job-posting-scraper,document-reader,resume-analyzer,cover-letter-optimization,job-application-automation','github','https://github.com/Sakshee5/jobapply-mcp-server',7,'2025-05-26','2026-02-05 06:12:24','2026-02-05 06:12:24');
CREATE TABLE mcp_server_tools (
  id INTEGER PRIMARY KEY AUTOINCREMENT,
  server_id INTEGER NOT NULL,
  name TEXT NOT NULL,
  description TEXT,
  input_schema TEXT,
  FOREIGN KEY (server_id) REFERENCES mcp_servers(id) ON DELETE CASCADE
);
INSERT INTO mcp_server_tools VALUES(1,1,'analyze_project_structure','Analyze project organization and architecture','{"type":"object","properties":{"path":{"type":"string","description":"Path to project directory"}},"required":["path"]}');
INSERT INTO mcp_server_tools VALUES(2,1,'detect_code_duplicates','Find duplicate code across multiple languages','{"type":"object","properties":{"path":{"type":"string","description":"Path to project directory"},"languages":{"type":"array","items":{"type":"string"},"description":"List of languages to analyze"}},"required":["path"]}');
INSERT INTO mcp_server_tools VALUES(3,1,'validate_microservices_architecture','Validate microservices patterns and architecture','{"type":"object","properties":{"path":{"type":"string","description":"Path to microservices project"}},"required":["path"]}');
INSERT INTO mcp_server_tools VALUES(4,1,'optimize_configurations','Analyze configuration management','{"type":"object","properties":{"path":{"type":"string","description":"Path to project directory"}},"required":["path"]}');
INSERT INTO mcp_server_tools VALUES(5,1,'generate_improvement_report','Generate comprehensive actionable improvement report','{"type":"object","properties":{"path":{"type":"string","description":"Path to project directory"}},"required":["path"]}');
INSERT INTO mcp_server_tools VALUES(6,1,'run_complete_project_analysis','ONE-COMMAND COMPLETE ANALYSIS - Runs all analyses in optimal order with prioritized action plan','{"type":"object","properties":{"path":{"type":"string","description":"Path to project directory"}},"required":["path"]}');
INSERT INTO mcp_server_tools VALUES(7,2,'summarize_file','Summarize a single file with configurable detail level and max length','{"type":"object","properties":{"filePath":{"type":"string","description":"Path to the file to summarize"},"detailLevel":{"type":"string","enum":["low","medium","high"],"default":"medium"},"maxLength":{"type":"number","default":500}},"required":["filePath"]}');
INSERT INTO mcp_server_tools VALUES(8,2,'summarize_directory','Summarize all code files in a directory with configurable options','{"type":"object","properties":{"directoryPath":{"type":"string","description":"Path to the directory to summarize"},"detailLevel":{"type":"string","enum":["low","medium","high"],"default":"medium"},"maxLength":{"type":"number","default":500}},"required":["directoryPath"]}');
INSERT INTO mcp_server_tools VALUES(9,2,'set_config','Update configuration options for the code summarizer','{"type":"object","properties":{"detailLevel":{"type":"string","enum":["low","medium","high"]},"maxLength":{"type":"number"},"port":{"type":"number"}}}');
INSERT INTO mcp_server_tools VALUES(10,4,'search_code','Search codebase semantically using natural language queries','{"type":"object","properties":{"query":{"type":"string","description":"Natural language search query"},"limit":{"type":"integer","description":"Maximum number of results to return","default":10},"threshold":{"type":"number","description":"Minimum similarity score (0-1)","default":0.7}},"required":["query"]}');
INSERT INTO mcp_server_tools VALUES(11,4,'index_file','Index a file or directory for semantic search','{"type":"object","properties":{"path":{"type":"string","description":"File or directory path to index"},"force":{"type":"boolean","description":"Force reindexing even if already indexed","default":false}},"required":["path"]}');
INSERT INTO mcp_server_tools VALUES(12,4,'list_indexed_files','List all files currently indexed in the collection','{"type":"object","properties":{"collection":{"type":"string","description":"Collection name","default":"codebase"}}}');
INSERT INTO mcp_server_tools VALUES(13,4,'get_index_status','Get the status of the background indexer','{"type":"object","properties":{}}');
INSERT INTO mcp_server_tools VALUES(14,3,'search_stackoverflow','Search Stack Overflow for programming questions and answers','{"type":"object","properties":{"query":{"type":"string","description":"Search query string"},"limit":{"type":"number","description":"Maximum results (1-10, default: 5)"}},"required":["query"]}');
INSERT INTO mcp_server_tools VALUES(15,3,'search_mdn','Search MDN Web Docs for web development documentation','{"type":"object","properties":{"query":{"type":"string","description":"Search query string"}},"required":["query"]}');
INSERT INTO mcp_server_tools VALUES(16,3,'search_github','Search GitHub for repositories and code examples','{"type":"object","properties":{"query":{"type":"string","description":"Search query string"},"language":{"type":"string","description":"Filter by programming language"},"limit":{"type":"number","description":"Maximum results per category (1-10, default: 5)"}},"required":["query"]}');
INSERT INTO mcp_server_tools VALUES(17,3,'search_npm','Search npm registry for JavaScript packages','{"type":"object","properties":{"query":{"type":"string","description":"Search query string"},"limit":{"type":"number","description":"Maximum results (1-10, default: 5)"}},"required":["query"]}');
INSERT INTO mcp_server_tools VALUES(18,3,'search_pypi','Search PyPI for Python packages','{"type":"object","properties":{"query":{"type":"string","description":"Search query string"}},"required":["query"]}');
INSERT INTO mcp_server_tools VALUES(19,3,'search_all','Search all platforms simultaneously for comprehensive results','{"type":"object","properties":{"query":{"type":"string","description":"Search query string"},"limit":{"type":"number","description":"Maximum results per platform (1-5, default: 3)"}},"required":["query"]}');
INSERT INTO mcp_server_tools VALUES(20,5,'set_project_path','Initialize indexing for a project directory','{}');
INSERT INTO mcp_server_tools VALUES(21,5,'refresh_index','Rebuild the shallow file index after file changes','{}');
INSERT INTO mcp_server_tools VALUES(22,5,'build_deep_index','Generate the full symbol index used by deep analysis','{}');
INSERT INTO mcp_server_tools VALUES(23,5,'get_settings_info','View current project configuration and status','{}');
INSERT INTO mcp_server_tools VALUES(24,5,'search_code_advanced','Smart search with regex, fuzzy matching, file filtering, and paginated results','{"properties":{"query":{"type":"string"},"regex":{"type":"boolean"},"case_sensitive":{"type":"boolean"},"file_pattern":{"type":"string"},"fuzzy":{"type":"boolean"},"max_results":{"type":"integer","default":10},"start_index":{"type":"integer"}}}');
INSERT INTO mcp_server_tools VALUES(25,5,'find_files','Locate files using glob patterns','{"properties":{"pattern":{"type":"string","description":"Glob pattern like **/*.py"}}}');
INSERT INTO mcp_server_tools VALUES(26,5,'get_file_summary','Analyze file structure, functions, imports, and complexity','{"properties":{"file_path":{"type":"string"}}}');
INSERT INTO mcp_server_tools VALUES(27,5,'get_file_watcher_status','Check file watcher status and configuration','{}');
INSERT INTO mcp_server_tools VALUES(28,5,'configure_file_watcher','Enable/disable auto-refresh and configure settings','{"properties":{"enabled":{"type":"boolean"},"observer_type":{"type":"string","enum":["auto","kqueue","fsevents","polling"]}}}');
INSERT INTO mcp_server_tools VALUES(29,5,'create_temp_directory','Set up storage directory for index data','{}');
INSERT INTO mcp_server_tools VALUES(30,5,'check_temp_directory','Verify index storage location and permissions','{}');
INSERT INTO mcp_server_tools VALUES(31,5,'clear_settings','Reset all cached data and configurations','{}');
INSERT INTO mcp_server_tools VALUES(32,5,'refresh_search_tools','Re-detect available search tools (ugrep, ripgrep, etc.)','{}');
INSERT INTO mcp_server_tools VALUES(33,6,'create','Creates new files','{"type":"object","properties":{"instruction":{"type":"string","description":"XML instruction with path and content"}}}');
INSERT INTO mcp_server_tools VALUES(34,6,'modify','Modifies existing files with search/replace','{"type":"object","properties":{"instruction":{"type":"string","description":"XML instruction with path, search pattern, and new content"}}}');
INSERT INTO mcp_server_tools VALUES(35,6,'rewrite','Completely rewrites a file','{"type":"object","properties":{"instruction":{"type":"string","description":"XML instruction with path and new content"}}}');
INSERT INTO mcp_server_tools VALUES(36,6,'delete','Removes files','{"type":"object","properties":{"instruction":{"type":"string","description":"XML instruction with path"}}}');
INSERT INTO mcp_server_tools VALUES(37,8,'dump_codebase_context','Recursively reads text files from a specified directory, respecting .gitignore rules and skipping binary files, then concatenates content with file path headers/footers','{"type":"object","properties":{"base_path":{"type":"string","description":"Absolute path to the project directory to scan"},"num_chunks":{"type":"integer","description":"Total number of chunks to divide the output into (default: 1)","default":1},"chunk_index":{"type":"integer","description":"1-based index of the chunk to return (default: 1)","default":1}},"required":["base_path"]}');
INSERT INTO mcp_server_tools VALUES(38,9,'scan_code','Scans a specified directory for code files and returns a list of definitions according to the provided filters',unistr('{\u000a  "type": "object",\u000a  "properties": {\u000a    "directory": {"type": "string", "description": "Absolute path to the directory to scan."},\u000a    "filePatterns": {"type": "array", "items": {"type": "string"}, "description": "Glob patterns for files.", "default": ["**/*.js", "**/*.jsx", "**/*.ts", "**/*.tsx", "**/*.cs", "**/*.php", "**/*.css", "**/*.py"]},\u000a    "outputFormat": {"type": "string", "enum": ["xml", "markdown", "json"], "default": "markdown"},\u000a    "detailLevel": {"type": "string", "enum": ["minimal", "standard", "detailed"], "default": "standard"},\u000a    "includeTypes": {"type": "array", "items": {"type": "string"}},\u000a    "excludeTypes": {"type": "array", "items": {"type": "string"}},\u000a    "includeModifiers": {"type": "array", "items": {"type": "string"}},\u000a    "excludeModifiers": {"type": "array", "items": {"type": "string"}},\u000a    "namePattern": {"type": "string", "description": "Regex pattern for names."},\u000a    "excludeNamePattern": {"type": "string", "description": "Regex pattern to exclude names."},\u000a    "includePaths": {"type": "array", "items": {"type": "string"}},\u000a    "excludePaths": {"type": "array", "items": {"type": "string"}}\u000a  },\u000a  "required": ["directory"]\u000a}'));
INSERT INTO mcp_server_tools VALUES(39,10,'review_code','Review code with bias mitigation strategies. Supports two modes: bias_aware (default, reduces false positives) and adversarial (thorough review, may have false positives). Requires detected generation model.','{"type":"object","properties":{"code":{"type":"string","description":"The code to review"},"generationModel":{"type":"string","description":"Model that generated the code"},"language":{"type":"string","description":"Programming language"},"context":{"type":"string","description":"Additional context about the code"},"reviewType":{"type":"string","enum":["security","performance","maintainability","general"],"description":"Type of review to perform"},"reviewStrategy":{"type":"string","enum":["bias_aware","adversarial"],"description":"Review strategy: bias_aware (default) or adversarial"}},"required":["code","generationModel"]}');
INSERT INTO mcp_server_tools VALUES(40,10,'detect_model_from_authors','Detect AI model from commit author information. Parses Co-Authored-By trailers to identify Claude, GPT, Copilot, Gemini, and other AI tools.','{"type":"object","properties":{"authors":{"type":"array","description":"Array of author objects from GitHub API","items":{"type":"object"}}},"required":["authors"]}');
INSERT INTO mcp_server_tools VALUES(41,10,'fetch_commit','Fetch commit details using GitHub CLI. Fallback tool - prefer GitHub MCP server if available.','{"type":"object","properties":{"commitHash":{"type":"string","description":"Git commit hash to fetch"},"repo":{"type":"string","description":"GitHub repository (owner/repo format)"}},"required":["commitHash"]}');
INSERT INTO mcp_server_tools VALUES(42,10,'fetch_pr_commits','Fetch PR commits using GitHub CLI. Fallback tool - prefer GitHub MCP server if available.','{"type":"object","properties":{"prNumber":{"type":"number","description":"GitHub PR number"},"repo":{"type":"string","description":"GitHub repository (owner/repo format)"}},"required":["prNumber"]}');
INSERT INTO mcp_server_tools VALUES(43,11,'activate_project','Activates a project by name or path','{"type":"object","properties":{"path":{"type":"string","description":"Absolute path or project name"}}}');
INSERT INTO mcp_server_tools VALUES(44,11,'find_symbol','Performs a global search for symbols with/containing a given name (optionally filtered by type)','{"type":"object","properties":{"name":{"type":"string"},"symbol_type":{"type":"string","enum":["class","function","method","variable"]}}}');
INSERT INTO mcp_server_tools VALUES(45,11,'get_symbols_overview','Gets an overview of the top-level symbols defined in a given file','{"type":"object","properties":{"file_path":{"type":"string"}}}');
INSERT INTO mcp_server_tools VALUES(46,11,'find_referencing_symbols','Finds symbols that reference the symbol at the given location','{"type":"object","properties":{"file_path":{"type":"string"},"line":{"type":"integer"},"character":{"type":"integer"}}}');
INSERT INTO mcp_server_tools VALUES(47,11,'read_file','Reads a file within the project directory','{"type":"object","properties":{"file_path":{"type":"string"}}}');
INSERT INTO mcp_server_tools VALUES(48,11,'create_text_file','Creates/overwrites a file in the project directory','{"type":"object","properties":{"file_path":{"type":"string"},"content":{"type":"string"}}}');
INSERT INTO mcp_server_tools VALUES(49,11,'replace_symbol_body','Replaces the full definition of a symbol','{"type":"object","properties":{"file_path":{"type":"string"},"symbol_name":{"type":"string"},"new_body":{"type":"string"}}}');
INSERT INTO mcp_server_tools VALUES(50,11,'insert_before_symbol','Inserts content before the beginning of the definition of a given symbol','{"type":"object","properties":{"file_path":{"type":"string"},"symbol_name":{"type":"string"},"content":{"type":"string"}}}');
INSERT INTO mcp_server_tools VALUES(51,11,'insert_after_symbol','Inserts content after the end of the definition of a given symbol','{"type":"object","properties":{"file_path":{"type":"string"},"symbol_name":{"type":"string"},"content":{"type":"string"}}}');
INSERT INTO mcp_server_tools VALUES(52,11,'execute_shell_command','Executes a shell command','{"type":"object","properties":{"command":{"type":"string"}}}');
INSERT INTO mcp_server_tools VALUES(53,11,'search_for_pattern','Performs a search for a pattern in the project','{"type":"object","properties":{"pattern":{"type":"string"},"path":{"type":"string"}}}');
INSERT INTO mcp_server_tools VALUES(54,11,'replace_regex','Replaces content in a file using regular expressions','{"type":"object","properties":{"file_path":{"type":"string"},"pattern":{"type":"string"},"replacement":{"type":"string"}}}');
INSERT INTO mcp_server_tools VALUES(55,11,'list_dir','Lists files and directories in the given directory','{"type":"object","properties":{"path":{"type":"string"},"recursive":{"type":"boolean"}}}');
INSERT INTO mcp_server_tools VALUES(56,11,'write_memory','Writes a named memory for future reference to project-specific memory store','{"type":"object","properties":{"name":{"type":"string"},"content":{"type":"string"}}}');
INSERT INTO mcp_server_tools VALUES(57,11,'read_memory','Reads a memory from project-specific memory store','{"type":"object","properties":{"name":{"type":"string"}}}');
INSERT INTO mcp_server_tools VALUES(58,12,'get_code_context','Analyzes directories and returns structure with optional code symbols for JavaScript/TypeScript/Python files','{"type":"object","properties":{"absolutePath":{"type":"string","description":"Directory to analyze"},"analyzeJs":{"type":"boolean","description":"Enable code file analysis"},"includeSymbols":{"type":"boolean","description":"Include symbol data"},"symbolType":{"type":"string","enum":["functions","variables","classes","imports","exports","all"],"description":"Filter by symbol type"},"filePatterns":{"type":"array","items":{"type":"string"},"description":"Target specific file types via glob patterns"},"maxDepth":{"type":"number","description":"Limit directory traversal depth (default: 5)"}},"required":["absolutePath"]}');
INSERT INTO mcp_server_tools VALUES(59,7,'extract_code','Surgically extract functions/classes by name using AST-based parsing','{"type":"object","properties":{"symbol_name":{"type":"string","description":"Name of function or class to extract"},"file_path":{"type":"string","description":"Path to file containing symbol"}},"required":["symbol_name","file_path"]}');
INSERT INTO mcp_server_tools VALUES(60,7,'analyze_code','Parse code structure, complexity, imports, and definitions','{"type":"object","properties":{"file_path":{"type":"string","description":"Path to file to analyze"}},"required":["file_path"]}');
INSERT INTO mcp_server_tools VALUES(61,7,'get_project_map','Generate high-level topology of project structure','{"type":"object","properties":{"project_path":{"type":"string","description":"Path to project root"}},"required":["project_path"]}');
INSERT INTO mcp_server_tools VALUES(62,7,'get_call_graph','Trace execution flow across files','{"type":"object","properties":{"entry_point":{"type":"string","description":"Starting function or file"},"depth":{"type":"integer","description":"Maximum depth to traverse"}},"required":["entry_point"]}');
INSERT INTO mcp_server_tools VALUES(63,7,'get_symbol_references','Find all usages of a symbol across the project','{"type":"object","properties":{"symbol_name":{"type":"string","description":"Symbol to search for"},"project_path":{"type":"string","description":"Project root path"}},"required":["symbol_name","project_path"]}');
INSERT INTO mcp_server_tools VALUES(64,7,'get_file_context','Get surrounding context and metadata for a file','{"type":"object","properties":{"file_path":{"type":"string","description":"Path to file"}},"required":["file_path"]}');
INSERT INTO mcp_server_tools VALUES(65,7,'security_scan','Trace data flow from user input to dangerous sinks (12+ CWEs)','{"type":"object","properties":{"file_path":{"type":"string","description":"File to scan"},"sources":{"type":"array","items":{"type":"string"},"description":"Taint sources"},"sinks":{"type":"array","items":{"type":"string"},"description":"Dangerous sinks"}},"required":["file_path"]}');
INSERT INTO mcp_server_tools VALUES(66,7,'unified_sink_detect','Polyglot detection of dangerous sinks across languages','{"type":"object","properties":{"file_path":{"type":"string","description":"File to analyze"},"language":{"type":"string","description":"Programming language"}},"required":["file_path"]}');
INSERT INTO mcp_server_tools VALUES(67,7,'cross_file_security_scan','Track dirty data flow across multiple modules/files','{"type":"object","properties":{"project_path":{"type":"string","description":"Project root"},"entry_points":{"type":"array","items":{"type":"string"},"description":"Starting points for analysis"}},"required":["project_path"]}');
INSERT INTO mcp_server_tools VALUES(68,7,'scan_dependencies','Check package dependencies against OSV vulnerability database','{"type":"object","properties":{"manifest_path":{"type":"string","description":"Path to package manifest (requirements.txt, package.json, etc.)"}},"required":["manifest_path"]}');
INSERT INTO mcp_server_tools VALUES(69,7,'type_evaporation_scan','Detect TypeScript type vulnerabilities at API boundaries','{"type":"object","properties":{"file_path":{"type":"string","description":"TypeScript file to analyze"}},"required":["file_path"]}');
INSERT INTO mcp_server_tools VALUES(70,7,'get_graph_neighborhood','Extract k-hop security context around nodes in PDG','{"type":"object","properties":{"node_id":{"type":"string","description":"Starting node"},"hops":{"type":"integer","description":"Number of hops"},"graph_type":{"type":"string","enum":["ast","pdg","cfg"]}},"required":["node_id","hops"]}');
INSERT INTO mcp_server_tools VALUES(71,7,'update_symbol','Atomic replacement with Syntax Rollback Protection','{"type":"object","properties":{"symbol_name":{"type":"string","description":"Symbol to update"},"new_code":{"type":"string","description":"Replacement code"},"file_path":{"type":"string","description":"File containing symbol"}},"required":["symbol_name","new_code","file_path"]}');
INSERT INTO mcp_server_tools VALUES(72,7,'rename_symbol','Project-wide symbol refactoring','{"type":"object","properties":{"old_name":{"type":"string","description":"Current symbol name"},"new_name":{"type":"string","description":"New symbol name"},"project_path":{"type":"string","description":"Project root"}},"required":["old_name","new_name","project_path"]}');
INSERT INTO mcp_server_tools VALUES(73,7,'simulate_refactor','Dry run verification before applying refactoring','{"type":"object","properties":{"refactor_spec":{"type":"object","description":"Refactoring specification"},"project_path":{"type":"string","description":"Project root"}},"required":["refactor_spec","project_path"]}');
INSERT INTO mcp_server_tools VALUES(74,7,'validate_paths','Pre-flight path validation (Docker-aware)','{"type":"object","properties":{"paths":{"type":"array","items":{"type":"string"},"description":"Paths to validate"}},"required":["paths"]}');
INSERT INTO mcp_server_tools VALUES(75,7,'symbolic_execute','Provably correct path exploration using Z3 solver','{"type":"object","properties":{"function_name":{"type":"string","description":"Function to symbolically execute"},"file_path":{"type":"string","description":"File containing function"},"max_depth":{"type":"integer","description":"Maximum exploration depth"}},"required":["function_name","file_path"]}');
INSERT INTO mcp_server_tools VALUES(76,7,'generate_unit_tests','Auto-create tests from symbolic execution paths','{"type":"object","properties":{"function_name":{"type":"string","description":"Function to generate tests for"},"file_path":{"type":"string","description":"File containing function"}},"required":["function_name","file_path"]}');
INSERT INTO mcp_server_tools VALUES(77,7,'crawl_project','Project-wide metrics analysis','{"type":"object","properties":{"project_path":{"type":"string","description":"Project root"},"metrics":{"type":"array","items":{"type":"string"},"description":"Metrics to collect"}},"required":["project_path"]}');
INSERT INTO mcp_server_tools VALUES(78,7,'verify_policy_integrity','Cryptographic policy signature verification','{"type":"object","properties":{"policy_path":{"type":"string","description":"Path to policy file"},"signature":{"type":"string","description":"Expected signature"}},"required":["policy_path"]}');
INSERT INTO mcp_server_tools VALUES(79,7,'get_cross_file_dependencies','Analyze deep dependency chains across files','{"type":"object","properties":{"project_path":{"type":"string","description":"Project root"},"entry_point":{"type":"string","description":"Starting file or module"}},"required":["project_path"]}');
INSERT INTO mcp_server_tools VALUES(80,7,'code_policy_check','Compliance evaluation with OWASP/SOC2 mapping','{"type":"object","properties":{"project_path":{"type":"string","description":"Project root"},"policies":{"type":"array","items":{"type":"string"},"description":"Policy frameworks to check against"}},"required":["project_path"]}');
INSERT INTO mcp_server_tools VALUES(81,13,'search','Query codebase with advanced syntax including regex, file filters, and boolean operators','{"type":"object","properties":{"query":{"type":"string","description":"Search query with advanced syntax support"}},"required":["query"]}');
INSERT INTO mcp_server_tools VALUES(82,13,'search_prompt_guide','Generate optimized query patterns for code search','{"type":"object","properties":{"description":{"type":"string","description":"Description of what to search for"}},"required":["description"]}');
INSERT INTO mcp_server_tools VALUES(83,13,'fetch_content','Retrieve file contents and directory structure','{"type":"object","properties":{"path":{"type":"string","description":"File or directory path"}},"required":["path"]}');
INSERT INTO mcp_server_tools VALUES(84,13,'agentic_search','Natural language code search with AI understanding and context','{"type":"object","properties":{"query":{"type":"string","description":"Natural language search query"}},"required":["query"]}');
INSERT INTO mcp_server_tools VALUES(85,13,'refactor_question','Query reformulation into multiple search patterns using LLM','{"type":"object","properties":{"question":{"type":"string","description":"Question to reformulate"}},"required":["question"]}');
INSERT INTO mcp_server_tools VALUES(86,14,'add_knowledge','Add new knowledge to the repository with embeddings','{"type":"object","properties":{"path":{"type":"string","description":"Path identifier for the knowledge entry"},"content":{"type":"string","description":"Content to be embedded and stored"},"metadata":{"type":"object","description":"Additional metadata for the knowledge entry"}},"required":["path","content","metadata"]}');
INSERT INTO mcp_server_tools VALUES(87,14,'search_knowledge','Search existing knowledge using semantic similarity','{"type":"object","properties":{"query":{"type":"string","description":"Natural language search query"},"limit":{"type":"integer","description":"Maximum number of results to return","default":5}},"required":["query"]}');
INSERT INTO mcp_server_tools VALUES(88,15,'add_code_to_graph','Performs a one-time scan of a local folder to add its code to the graph. Ideal for indexing libraries, dependencies, or projects not being actively modified. Returns a job ID for background processing.','{"type": "object", "properties": {"path": {"type": "string", "description": "Path to the directory or file to add."}, "is_dependency": {"type": "boolean", "description": "Whether this code is a dependency.", "default": false}}, "required": ["path"]}');
INSERT INTO mcp_server_tools VALUES(89,15,'watch_directory','Performs an initial scan of a directory and then continuously monitors it for changes, automatically keeping the graph up-to-date. Ideal for projects under active development. Returns a job ID for the initial scan.','{"type": "object", "properties": {"path": {"type": "string", "description": "Path to directory to watch"}}, "required": ["path"]}');
INSERT INTO mcp_server_tools VALUES(90,15,'find_code','Find relevant code snippets related to a keyword (e.g., function name, class name, or content).','{"type": "object", "properties": {"query": {"type": "string", "description": "Keyword or phrase to search for"}, "fuzzy_search": {"type": "boolean", "description": "Whether to use fuzzy search", "default": false}, "edit_distance": {"type": "number", "description": "Edit distance for fuzzy search (between 0-2)", "default": 2}}, "required": ["query"]}');
INSERT INTO mcp_server_tools VALUES(91,15,'analyze_code_relationships','Analyze code relationships like who calls this function or class hierarchy. Supported query types: find_callers, find_callees, find_all_callers, find_all_callees, find_importers, who_modifies, class_hierarchy, overrides, dead_code, call_chain, module_deps, variable_scope, find_complexity, find_functions_by_argument, find_functions_by_decorator.','{"type": "object", "properties": {"query_type": {"type": "string", "description": "Type of relationship query to run.", "enum": ["find_callers", "find_callees", "find_all_callers", "find_all_callees", "find_importers", "who_modifies", "class_hierarchy", "overrides", "dead_code", "call_chain", "module_deps", "variable_scope", "find_complexity", "find_functions_by_argument", "find_functions_by_decorator"]}, "target": {"type": "string", "description": "The function, class, or module to analyze."}, "context": {"type": "string", "description": "Optional: specific file path for precise results."}}, "required": ["query_type", "target"]}');
INSERT INTO mcp_server_tools VALUES(92,15,'execute_cypher_query','Fallback tool to run a direct, read-only Cypher query against the code graph. Use this for complex questions not covered by other tools.','{"type": "object", "properties": {"cypher_query": {"type": "string", "description": "The read-only Cypher query to execute."}}, "required": ["cypher_query"]}');
INSERT INTO mcp_server_tools VALUES(93,15,'find_dead_code','Find potentially unused functions (dead code) across the entire indexed codebase, optionally excluding functions with specific decorators.','{"type": "object", "properties": {"exclude_decorated_with": {"type": "array", "items": {"type": "string"}, "description": "Optional: A list of decorator names (e.g., @app.route) to exclude from dead code detection.", "default": []}}}');
INSERT INTO mcp_server_tools VALUES(94,15,'calculate_cyclomatic_complexity','Calculate the cyclomatic complexity of a specific function to measure its complexity.','{"type": "object", "properties": {"function_name": {"type": "string", "description": "The name of the function to analyze."}, "path": {"type": "string", "description": "Optional: The full path to the file containing the function for a more specific query."}}, "required": ["function_name"]}');
INSERT INTO mcp_server_tools VALUES(95,15,'find_most_complex_functions','Find the most complex functions in the codebase based on cyclomatic complexity.','{"type": "object", "properties": {"limit": {"type": "integer", "description": "The maximum number of complex functions to return.", "default": 10}}}');
INSERT INTO mcp_server_tools VALUES(96,15,'add_package_to_graph','Add a package to the graph by discovering its location. Supports multiple languages. Returns immediately with a job ID.','{"type": "object", "properties": {"package_name": {"type": "string", "description": "Name of the package to add (e.g., requests, express, moment, lodash)."}, "language": {"type": "string", "description": "The programming language of the package.", "enum": ["python", "javascript", "typescript", "java", "c", "go", "ruby", "php", "cpp"]}, "is_dependency": {"type": "boolean", "description": "Mark as a dependency.", "default": true}}, "required": ["package_name", "language"]}');
INSERT INTO mcp_server_tools VALUES(97,15,'check_job_status','Check the status and progress of a background job.','{"type": "object", "properties": {"job_id": {"type": "string", "description": "Job ID from a previous tool call"}}, "required": ["job_id"]}');
INSERT INTO mcp_server_tools VALUES(98,15,'list_jobs','List all background jobs and their current status.','{"type": "object", "properties": {}}');
INSERT INTO mcp_server_tools VALUES(99,15,'list_indexed_repositories','List all indexed repositories.','{"type": "object", "properties": {}}');
INSERT INTO mcp_server_tools VALUES(100,15,'delete_repository','Delete an indexed repository from the graph.','{"type": "object", "properties": {"repo_path": {"type": "string", "description": "The path of the repository to delete."}}, "required": ["repo_path"]}');
INSERT INTO mcp_server_tools VALUES(101,15,'visualize_graph_query','Generates a URL to visualize the results of a Cypher query in the Neo4j Browser.','{"type": "object", "properties": {"cypher_query": {"type": "string", "description": "The Cypher query to visualize."}}, "required": ["cypher_query"]}');
INSERT INTO mcp_server_tools VALUES(102,15,'list_watched_paths','Lists all directories currently being watched for live file changes.','{"type": "object", "properties": {}}');
INSERT INTO mcp_server_tools VALUES(103,15,'unwatch_directory','Stops watching a directory for live file changes.','{"type": "object", "properties": {"path": {"type": "string", "description": "The absolute path of the directory to stop watching."}}, "required": ["path"]}');
INSERT INTO mcp_server_tools VALUES(104,15,'load_bundle','Load a pre-indexed .cgc bundle into the database. Can load from local file or automatically download from registry if not found locally.','{"type": "object", "properties": {"bundle_name": {"type": "string", "description": "Name of the bundle to load (e.g., flask, pandas, flask-main-2579ce9.cgc)."}, "clear_existing": {"type": "boolean", "description": "Whether to clear existing data before loading.", "default": false}}, "required": ["bundle_name"]}');
INSERT INTO mcp_server_tools VALUES(105,15,'search_registry_bundles','Search for available pre-indexed bundles in the registry. Returns bundles matching the search query.','{"type": "object", "properties": {"query": {"type": "string", "description": "Search query to find bundles. Leave empty to list all bundles."}, "unique_only": {"type": "boolean", "description": "If true, show only the most recent version of each package.", "default": false}}}');
INSERT INTO mcp_server_tools VALUES(106,15,'get_repository_stats','Get statistics about indexed repositories, including counts of files, functions, classes, and modules.','{"type": "object", "properties": {"repo_path": {"type": "string", "description": "Optional: Path to a specific repository. If not provided, returns overall database statistics."}}}');
INSERT INTO mcp_server_tools VALUES(107,19,'domain_search','Search for emails by domain','{"type":"object","properties":{"domain":{"type":"string"}}}');
INSERT INTO mcp_server_tools VALUES(108,19,'email_finder','Find email address for a person','{"type":"object","properties":{"first_name":{"type":"string"},"last_name":{"type":"string"},"domain":{"type":"string"}}}');
INSERT INTO mcp_server_tools VALUES(109,19,'email_verifier','Verify if an email address is valid','{"type":"object","properties":{"email":{"type":"string"}}}');
INSERT INTO mcp_server_tools VALUES(110,19,'email_enrichment','Enrich email data with additional information','{"type":"object","properties":{"email":{"type":"string"}}}');
INSERT INTO mcp_server_tools VALUES(111,19,'company_enrichment','Get enriched company information','{"type":"object","properties":{"domain":{"type":"string"}}}');
INSERT INTO mcp_server_tools VALUES(112,19,'lead_creation','Create and manage leads','{"type":"object","properties":{"email":{"type":"string"},"company":{"type":"string"}}}');
INSERT INTO mcp_server_tools VALUES(113,18,'hatch_find_email','Find an email address using first name, last name, and domain information','{"type":"object","properties":{"firstName":{"type":"string","description":"First name of the person"},"lastName":{"type":"string","description":"Last name of the person"},"domain":{"type":"string","description":"Company domain name"}},"required":["firstName","lastName","domain"]}');
INSERT INTO mcp_server_tools VALUES(114,18,'hatch_find_phone','Find a phone number using LinkedIn profile URL','{"type":"object","properties":{"linkedInUrl":{"type":"string","description":"LinkedIn profile URL of the person"}},"required":["linkedInUrl"]}');
INSERT INTO mcp_server_tools VALUES(115,18,'hatch_verify_email','Verify if an email address is valid and active','{"type":"object","properties":{"email":{"type":"string","description":"Email address to verify"}},"required":["email"]}');
INSERT INTO mcp_server_tools VALUES(116,18,'hatch_find_company_data','Find detailed information about a company using its domain','{"type":"object","properties":{"domain":{"type":"string","description":"Company domain name"}},"required":["domain"]}');
INSERT INTO mcp_server_tools VALUES(117,18,'hatch_get_linkedin_url','Find LinkedIn URL using name, designation, and company information','{"type":"object","properties":{"name":{"type":"string","description":"Name of the person"},"designation":{"type":"string","description":"Job title or designation of the person"},"companyName":{"type":"string","description":"Company name"}},"required":["companyName"]}');
INSERT INTO mcp_server_tools VALUES(118,17,'create-resume','Resume creating',NULL);
INSERT INTO mcp_server_tools VALUES(119,17,'get-mine-resumes','List of resumes for current user',NULL);
INSERT INTO mcp_server_tools VALUES(120,17,'publish-resume','Resume publication',NULL);
INSERT INTO mcp_server_tools VALUES(121,17,'edit-resume','Resume updating',NULL);
INSERT INTO mcp_server_tools VALUES(122,17,'delete-resume','Deleting a resume',NULL);
INSERT INTO mcp_server_tools VALUES(123,17,'get-resume','View a resume',NULL);
INSERT INTO mcp_server_tools VALUES(124,17,'read-resume-profile','Get resume profile data for current user',NULL);
INSERT INTO mcp_server_tools VALUES(125,17,'update-resume-profile','Update resume profile information',NULL);
INSERT INTO mcp_server_tools VALUES(126,17,'create-resume-profile','Create resume profile',NULL);
INSERT INTO mcp_server_tools VALUES(127,17,'confirm-phone-in-resume','Verify phone with a code',NULL);
INSERT INTO mcp_server_tools VALUES(128,17,'send-code-for-verify-phone-in-resume','Send verification code to the phone number on CV',NULL);
INSERT INTO mcp_server_tools VALUES(129,17,'apply-to-vacancy','Apply for a vacancy',NULL);
INSERT INTO mcp_server_tools VALUES(130,17,'search-for-resumes','Resume search',NULL);
INSERT INTO mcp_server_tools VALUES(131,17,'get-saved-resume-searches','List of Saved resume searches',NULL);
INSERT INTO mcp_server_tools VALUES(132,17,'create-saved-resume-search','Creating new saved resumes search',NULL);
INSERT INTO mcp_server_tools VALUES(133,17,'get-suitable-resumes','List of resumes suitable for job application',NULL);
INSERT INTO mcp_server_tools VALUES(134,17,'get-vacancies','Search for vacancies',NULL);
INSERT INTO mcp_server_tools VALUES(135,17,'get-favorite-vacancies','List of favorited vacancies',NULL);
INSERT INTO mcp_server_tools VALUES(136,17,'add-vacancy-to-favorite','Add a vacancy in favorited',NULL);
INSERT INTO mcp_server_tools VALUES(137,17,'delete-vacancy-from-favorite','Delete a vacancy from favorited',NULL);
INSERT INTO mcp_server_tools VALUES(138,17,'get-salary-evaluation','Salary assessment without forecasts',NULL);
INSERT INTO mcp_server_tools VALUES(139,17,'get-vacancy','View a vacancy',NULL);
INSERT INTO mcp_server_tools VALUES(140,17,'get-vacancy-similar-to-resume','Search for vacancies similar to a resume',NULL);
INSERT INTO mcp_server_tools VALUES(141,17,'get-negotiations','Negotiation list',NULL);
INSERT INTO mcp_server_tools VALUES(142,17,'get-active-negotiations','Active negotiation list',NULL);
INSERT INTO mcp_server_tools VALUES(143,17,'send-negotiation-message','Sending new message',NULL);
INSERT INTO mcp_server_tools VALUES(144,17,'get-negotiation-messages','View the list of messages in the negotiation',NULL);
INSERT INTO mcp_server_tools VALUES(145,17,'get-negotiation-item','Viewing the response/invitation',NULL);
INSERT INTO mcp_server_tools VALUES(146,17,'change-negotiation-action','Actions with collection response/invitation',NULL);
INSERT INTO mcp_server_tools VALUES(147,17,'get-resume-view-history','History of resume views',NULL);
INSERT INTO mcp_server_tools VALUES(148,17,'get-resume-negotiations-history','History of responses/invitations for a resume',NULL);
INSERT INTO mcp_server_tools VALUES(149,17,'load-artifact','Uploading an artifact',NULL);
INSERT INTO mcp_server_tools VALUES(150,17,'get-artifacts-portfolio','Getting portfolios',NULL);
INSERT INTO mcp_server_tools VALUES(151,17,'edit-artifact','Editing an artifact',NULL);
INSERT INTO mcp_server_tools VALUES(152,17,'delete-artifact','Deleting an artifact',NULL);
INSERT INTO mcp_server_tools VALUES(153,20,'get_person_profile','Get detailed profile info including work history, education, contacts, interests',NULL);
INSERT INTO mcp_server_tools VALUES(154,20,'get_company_profile','Extract company information including employees, affiliated companies',NULL);
INSERT INTO mcp_server_tools VALUES(155,20,'get_company_posts','Get recent posts from a company LinkedIn feed',NULL);
INSERT INTO mcp_server_tools VALUES(156,20,'search_jobs','Search for jobs with keywords and location filters',NULL);
INSERT INTO mcp_server_tools VALUES(157,20,'get_job_details','Get detailed information about a specific job posting',NULL);
INSERT INTO mcp_server_tools VALUES(158,20,'close_session','Close browser session and clean up resources',NULL);
INSERT INTO mcp_server_tools VALUES(159,21,'search_linkedin_profiles','Search LinkedIn profiles by keywords with configurable result limits','{"type":"object","properties":{"query":{"type":"string"},"limit":{"type":"integer"}}}');
INSERT INTO mcp_server_tools VALUES(160,21,'extract_profile_data','Extract detailed information from LinkedIn URLs with optional contact enrichment','{"type":"object","properties":{"url":{"type":"string"},"include_contact_info":{"type":"boolean"}}}');
INSERT INTO mcp_server_tools VALUES(161,21,'mine_linkedin_data','Comprehensive workflow combining search, extraction, and contact enrichment with CSV export','{"type":"object","properties":{"query":{"type":"string"},"limit":{"type":"integer"},"export_csv":{"type":"boolean"}}}');
INSERT INTO mcp_server_tools VALUES(162,21,'get_contact_info','Retrieve email and phone contact details for individuals via Apollo.io integration','{"type":"object","properties":{"name":{"type":"string"},"company":{"type":"string"}}}');
INSERT INTO mcp_server_tools VALUES(163,21,'export_to_csv','Export stored LinkedIn profiles to CSV format for external use','{"type":"object","properties":{"filename":{"type":"string"}}}');
INSERT INTO mcp_server_tools VALUES(164,21,'get_stored_profiles','Retrieve all previously extracted and stored profiles from the database','{"type":"object","properties":{"limit":{"type":"integer"}}}');
INSERT INTO mcp_server_tools VALUES(165,21,'generate_search_queries','AI-powered query expansion to create optimized LinkedIn search terms','{"type":"object","properties":{"base_query":{"type":"string"}}}');
INSERT INTO mcp_server_tools VALUES(166,22,'search_jobs','Search and filter jobs by position, location, and salary range',NULL);
INSERT INTO mcp_server_tools VALUES(167,22,'get_job_details','Fetch comprehensive information about specific job positions',NULL);
INSERT INTO mcp_server_tools VALUES(168,22,'list_platforms','List available job recruitment platforms aggregated',NULL);
INSERT INTO mcp_server_tools VALUES(169,22,'get_latest_jobs','Retrieve latest job listings across all platforms',NULL);
INSERT INTO mcp_server_tools VALUES(170,23,'generate_cover_letter','Generates a professional PDF cover letter from structured data with optional folder organization. Takes applicant name, company, position, and body text as parameters.','{"type": "object", "properties": {"name": {"type": "string"}, "company": {"type": "string"}, "position": {"type": "string"}, "body": {"type": "string"}, "filename": {"type": "string"}, "folderPath": {"type": "string"}}, "required": ["name", "company", "position", "body"]}');
INSERT INTO mcp_server_tools VALUES(171,23,'create_folder','Creates a new folder within the downloads directory. Supports nested folder structures with automatic path sanitization.','{"type": "object", "properties": {"folderPath": {"type": "string"}}, "required": ["folderPath"]}');
INSERT INTO mcp_server_tools VALUES(172,23,'list_folders','Lists all folders and files in the downloads directory. Optionally specify a subdirectory path to browse.','{"type": "object", "properties": {"path": {"type": "string"}}}');
INSERT INTO mcp_server_tools VALUES(173,24,'search_jobs','Search for jobs using Google Jobs with SerpAPI integration','{"type":"object","properties":{"query":{"type":"string","description":"Search keywords (required)"},"location":{"type":"string","description":"Job location"},"posted_age":{"type":"string","description":"Post date filter (today, 3days, week, month)"},"employment_type":{"type":"string","enum":["FULLTIME","PARTTIME","CONTRACTOR","INTERN"],"description":"Employment type filter"},"salary":{"type":"string","description":"Salary range filter (e.g. $50K+, $100K+)"},"radius":{"type":"string","description":"Geographic search radius (e.g. 10mi, 20mi, 50mi)"},"hl":{"type":"string","enum":["en","zh-CN","ja","ko"],"description":"Language code"},"page":{"type":"integer","description":"Page number (10 results per page)"},"sort_by":{"type":"string","enum":["date","relevance","salary"],"description":"Sort order"}},"required":["query"]}');
INSERT INTO mcp_server_tools VALUES(174,26,'getCompanies','Fetches all companies where the user has active interview progress','{}');
INSERT INTO mcp_server_tools VALUES(175,26,'updateCompany','Update an existing company''s information (name, size, industry, location, notes)','{"id": "string", "name": "string", "size": "string", "industry": "string", "location": "string", "notes": "string"}');
INSERT INTO mcp_server_tools VALUES(176,26,'getRoles','Fetch all roles/applications associated with companies','{}');
INSERT INTO mcp_server_tools VALUES(177,26,'createRole','Create a new job application/role entry','{"company_id": "string", "title": "string", "level": "string", "salary_min": "number", "salary_max": "number"}');
INSERT INTO mcp_server_tools VALUES(178,26,'getInterviewEvents','Fetch interview events and schedules','{}');
INSERT INTO mcp_server_tools VALUES(179,26,'createInterviewEvent','Log a new interview event','{"role_id": "string", "type": "string", "scheduled_at": "datetime", "notes": "string"}');
INSERT INTO mcp_server_tools VALUES(180,26,'getContacts','Fetch contact information for companies and interviews','{}');
INSERT INTO mcp_server_tools VALUES(181,26,'createContact','Add a new contact for a company','{"company_id": "string", "name": "string", "email": "string", "title": "string"}');
INSERT INTO mcp_server_tools VALUES(182,27,'generate_resume','Generates a PDF resume from structured data with optional folder organization and custom filenames','{"type":"object","properties":{"resumeData":{"type":"object","description":"Complete resume information"},"filename":{"type":"string","description":"Custom filename for the PDF"},"folderPath":{"type":"string","description":"Custom folder path within generated-resumes directory"}}}');
INSERT INTO mcp_server_tools VALUES(183,27,'create_folder','Creates a new folder within the generated-resumes directory for organizing resumes','{"type":"object","properties":{"folderPath":{"type":"string","description":"Folder path to create (supports nested folders)"}}}');
INSERT INTO mcp_server_tools VALUES(184,27,'list_folders','Lists all folders and files in the generated-resumes directory for browsing resume collections','{"type":"object","properties":{"path":{"type":"string","description":"Specific subdirectory to list"}}}');
INSERT INTO mcp_server_tools VALUES(185,27,'create_resume_template','Creates a template structure with placeholder data for resume generation','{"type":"object","properties":{"templateNumber":{"type":"integer","minimum":1,"maximum":9,"description":"Template number (1-9) to use as base"}}}');
INSERT INTO mcp_server_tools VALUES(186,30,'company_search','Search 74M+ company records using the Coresignal Company API',NULL);
INSERT INTO mcp_server_tools VALUES(187,30,'employee_search','Search 823M+ employee records using the Coresignal Employee API',NULL);
INSERT INTO mcp_server_tools VALUES(188,30,'job_postings_search','Search 399M+ job posting records using the Coresignal Jobs API',NULL);
INSERT INTO mcp_server_tools VALUES(189,28,'get_jobs','Get available jobs with filtering options','{"type": "object", "properties": {"sinceWhen": {"type": "string", "description": "Since when to get available jobs. e.g., ''1d'' or ''1w'' (only days and weeks are supported)"}, "keywords": {"type": "array", "items": {"type": "string"}, "description": "Keywords to filter jobs by"}, "excludeKeywords": {"type": "array", "items": {"type": "string"}, "description": "Keywords to exclude from the jobs"}, "isRemote": {"type": "boolean", "description": "Whether to filter jobs by remote work"}}, "required": ["sinceWhen"]}');
INSERT INTO mcp_server_tools VALUES(190,31,'scrape_job_posting','Extract job description from a URL','{"type":"object","properties":{"url":{"type":"string"}},"required":["url"]}');
INSERT INTO mcp_server_tools VALUES(191,31,'read_resume_pdf','Read PDF resume content','{"type":"object","properties":{"file_path":{"type":"string"}},"required":["file_path"]}');
INSERT INTO mcp_server_tools VALUES(192,31,'read_document','Read text, Word, or Markdown formatted documents','{"type":"object","properties":{"file_path":{"type":"string"}},"required":["file_path"]}');
INSERT INTO mcp_server_tools VALUES(193,29,'parse_job_requirements','Parses job requirements and extracts key information including skills, qualifications, email addresses, and hiring manager names from job postings','{"type":"object","properties":{"jobTitle":{"type":"string","description":"The job title/position"},"company":{"type":"string","description":"Company name"},"jobDescription":{"type":"string","description":"Full job description text"},"requirements":{"type":"array","description":"Specific requirements if separated"},"preferredSkills":{"type":"array","description":"Preferred skills if separated"},"location":{"type":"string","description":"Job location"},"salaryRange":{"type":"string","description":"Salary range if provided"}},"required":["jobTitle","company","jobDescription"]}');
INSERT INTO mcp_server_tools VALUES(194,29,'generate_cv_data','Generates tailored CV content based on user profile and job requirements','{"type":"object","properties":{"userProfile":{"type":"object","description":"Complete user profile information"},"jobRequirements":{"type":"object","description":"Job requirements object"}},"required":["userProfile","jobRequirements"]}');
INSERT INTO mcp_server_tools VALUES(195,29,'save_cv_text','Saves CV content as a formatted text file','{"type":"object","properties":{"cvData":{"type":"object","description":"Tailored CV data object"},"outputPath":{"type":"string","description":"Directory path where the CV should be saved"},"fileName":{"type":"string","description":"Custom filename without extension"}},"required":["cvData","outputPath"]}');
INSERT INTO mcp_server_tools VALUES(196,29,'generate_cv','Generate tailored CV and save to specified location in various formats (defaults to PDF)','{"type":"object","properties":{"userProfile":{"type":"object","description":"Complete user profile information"},"jobRequirements":{"type":"object","description":"Job requirements object"},"outputPath":{"type":"string","description":"Directory path for output"},"fileName":{"type":"string","description":"Custom filename without extension"},"format":{"type":"string","enum":["pdf","html","markdown"],"description":"Output format"},"pageSize":{"type":"string","description":"PDF page size (A4, Letter, Legal, etc.)"},"margins":{"type":"object","description":"PDF margins"}},"required":["userProfile","jobRequirements"]}');
INSERT INTO mcp_server_tools VALUES(197,29,'generate_and_save_cv_pdf','Generate tailored CV and save directly as professional PDF (legacy, use generate_cv instead)','{"type":"object","properties":{"userProfile":{"type":"object","description":"Complete user profile information"},"jobRequirements":{"type":"object","description":"Job requirements object"},"outputPath":{"type":"string","description":"Directory path for output"},"fileName":{"type":"string","description":"Custom filename without extension"}},"required":["userProfile","jobRequirements"]}');
INSERT INTO mcp_server_tools VALUES(198,29,'generate_and_save_cv_markdown','Generate tailored CV and save directly as Markdown format','{"type":"object","properties":{"userProfile":{"type":"object","description":"Complete user profile information"},"jobRequirements":{"type":"object","description":"Job requirements object"},"outputPath":{"type":"string","description":"Directory path for output"},"fileName":{"type":"string","description":"Custom filename without extension"}},"required":["userProfile","jobRequirements","outputPath"]}');
INSERT INTO mcp_server_tools VALUES(199,29,'generate_and_save_cv_html','Generate tailored CV and save directly as HTML document','{"type":"object","properties":{"userProfile":{"type":"object","description":"Complete user profile information"},"jobRequirements":{"type":"object","description":"Job requirements object"},"outputPath":{"type":"string","description":"Directory path for output"},"fileName":{"type":"string","description":"Custom filename without extension"}},"required":["userProfile","jobRequirements","outputPath"]}');
INSERT INTO mcp_server_tools VALUES(200,29,'generate_cv_pdf','Generate and save CV as a professional PDF document from pre-generated CV data','{"type":"object","properties":{"cvData":{"type":"object","description":"Tailored CV data object"},"outputPath":{"type":"string","description":"Directory path for output"},"fileName":{"type":"string","description":"Custom filename without extension"}},"required":["cvData","outputPath"]}');
INSERT INTO mcp_server_tools VALUES(201,29,'generate_cv_markdown','Generate CV as Markdown format from pre-generated CV data','{"type":"object","properties":{"cvData":{"type":"object","description":"Tailored CV data object"},"outputPath":{"type":"string","description":"Directory path for output"},"fileName":{"type":"string","description":"Custom filename without extension"}},"required":["cvData","outputPath"]}');
INSERT INTO mcp_server_tools VALUES(202,29,'generate_cv_html','Generate CV as styled HTML document from pre-generated CV data','{"type":"object","properties":{"cvData":{"type":"object","description":"Tailored CV data object"},"outputPath":{"type":"string","description":"Directory path for output"},"fileName":{"type":"string","description":"Custom filename without extension"}},"required":["cvData","outputPath"]}');
INSERT INTO mcp_server_tools VALUES(203,29,'generate_cover_letter','Generate a tailored cover letter for a specific job application with optional PDF output','{"type":"object","properties":{"userProfile":{"type":"object","description":"Complete user profile information"},"jobRequirements":{"type":"object","description":"Job requirements object"},"hiringManagerName":{"type":"string","description":"Name of the hiring manager if known"},"format":{"type":"string","enum":["text","html"],"description":"Output format"}},"required":["userProfile","jobRequirements"]}');
INSERT INTO mcp_server_tools VALUES(204,29,'save_cover_letter_pdf','Generate and save a cover letter as PDF with automatic email and hiring manager extraction','{"type":"object","properties":{"userProfile":{"type":"object","description":"Complete user profile information"},"jobRequirements":{"type":"object","description":"Job requirements object"},"outputPath":{"type":"string","description":"Directory path for output"},"fileName":{"type":"string","description":"Custom filename without extension"},"hiringManagerName":{"type":"string","description":"Name of the hiring manager if known"},"pageSize":{"type":"string","description":"PDF page size"},"margins":{"type":"object","description":"PDF margins"}},"required":["userProfile","jobRequirements"]}');
INSERT INTO mcp_server_tools VALUES(205,29,'generate_email_template','Generate a professional email template for job application with automatic email extraction','{"type":"object","properties":{"userProfile":{"type":"object","description":"Complete user profile information"},"jobRequirements":{"type":"object","description":"Job requirements object"},"templateType":{"type":"string","enum":["application","follow_up","inquiry","thank_you"],"description":"Type of email template"},"recipientEmail":{"type":"string","description":"Recipient email address"},"hiringManagerName":{"type":"string","description":"Name of the hiring manager if known"}},"required":["userProfile","jobRequirements"]}');
INSERT INTO mcp_server_tools VALUES(206,29,'draft_complete_application','Draft complete job application package: CV, cover letter, and email template (one-stop solution)','{"type":"object","properties":{"userProfile":{"type":"object","description":"Complete user profile information"},"jobRequirements":{"type":"object","description":"Job requirements object"},"outputPath":{"type":"string","description":"Directory path for output files"},"baseFileName":{"type":"string","description":"Base filename for generated files"},"hiringManagerName":{"type":"string","description":"Name of the hiring manager if known"}},"required":["userProfile","jobRequirements"]}');
CREATE TABLE mcp_server_deps (
  id INTEGER PRIMARY KEY AUTOINCREMENT,
  server_id INTEGER NOT NULL,
  name TEXT NOT NULL,
  kind TEXT,
  required INTEGER DEFAULT 1,
  version_constraint TEXT,
  notes TEXT,
  FOREIGN KEY (server_id) REFERENCES mcp_servers(id) ON DELETE CASCADE
);
INSERT INTO mcp_server_deps VALUES(1,1,'mcp','python-package',1,NULL,'Model Context Protocol SDK');
INSERT INTO mcp_server_deps VALUES(2,1,'sqlite3','python-package',1,NULL,'Pattern database storage');
INSERT INTO mcp_server_deps VALUES(3,2,'Node.js','runtime',1,'>=18','Required runtime environment');
INSERT INTO mcp_server_deps VALUES(4,2,'GOOGLE_API_KEY','environment',1,NULL,'Google Gemini API key for code summarization');
INSERT INTO mcp_server_deps VALUES(5,2,'@modelcontextprotocol/sdk','npm',1,NULL,'MCP SDK for server implementation');
INSERT INTO mcp_server_deps VALUES(6,2,'@google/generative-ai','npm',1,NULL,'Google Generative AI client library');
INSERT INTO mcp_server_deps VALUES(7,2,'express','npm',1,NULL,'Web server framework for MCP endpoints');
INSERT INTO mcp_server_deps VALUES(8,4,'Node.js','runtime',1,'>=18.0.0','JavaScript runtime for package management');
INSERT INTO mcp_server_deps VALUES(9,4,'Python','runtime',1,'>=3.8','Python runtime for core server functionality');
INSERT INTO mcp_server_deps VALUES(10,4,'OpenAI API Key','api',1,NULL,'Required for generating embeddings');
INSERT INTO mcp_server_deps VALUES(11,4,'Qdrant','service',1,NULL,'Vector database - can be Docker or Qdrant Cloud');
INSERT INTO mcp_server_deps VALUES(12,4,'Docker','tool',0,NULL,'Optional - for running local Qdrant instance');
INSERT INTO mcp_server_deps VALUES(13,3,'Node.js','runtime',1,'>= 20.11.0','JavaScript runtime');
INSERT INTO mcp_server_deps VALUES(14,3,'npm','package-manager',1,'>= 10.0.0','Node package manager');
INSERT INTO mcp_server_deps VALUES(15,3,'GITHUB_TOKEN','env-var',0,NULL,'Optional: GitHub personal access token for higher API rate limits');
INSERT INTO mcp_server_deps VALUES(16,5,'Python','runtime',1,'3.10+','Required runtime');
INSERT INTO mcp_server_deps VALUES(17,5,'uv','tool',1,NULL,'Package manager for uvx installation');
INSERT INTO mcp_server_deps VALUES(18,5,'tree-sitter','library',0,NULL,'AST parsing for Python, JS, TS, Java, Go, Objective-C, Zig');
INSERT INTO mcp_server_deps VALUES(19,5,'watchdog','library',0,NULL,'File system monitoring for auto-refresh');
INSERT INTO mcp_server_deps VALUES(20,5,'ugrep','tool',0,NULL,'Preferred search tool (auto-detected)');
INSERT INTO mcp_server_deps VALUES(21,5,'ripgrep','tool',0,NULL,'Alternative search tool (auto-detected)');
INSERT INTO mcp_server_deps VALUES(22,5,'ag','tool',0,NULL,'Alternative search tool (auto-detected)');
INSERT INTO mcp_server_deps VALUES(23,8,'Node.js','runtime',1,NULL,'JavaScript runtime environment');
INSERT INTO mcp_server_deps VALUES(24,8,'@lex-tools/codebase-context-dumper','npm',1,NULL,'NPM package v0.1.5');
INSERT INTO mcp_server_deps VALUES(25,9,'Node.js','runtime',1,NULL,'Required for running the TypeScript/JavaScript code');
INSERT INTO mcp_server_deps VALUES(26,9,'npm','package-manager',1,NULL,'Required for installing dependencies');
INSERT INTO mcp_server_deps VALUES(27,9,'tree-sitter','library',1,NULL,'Core parsing library for code analysis');
INSERT INTO mcp_server_deps VALUES(28,10,'Node.js','runtime',1,'>=18.0.0','JavaScript runtime required');
INSERT INTO mcp_server_deps VALUES(29,10,'npm','package-manager',1,NULL,'Node package manager for installation');
INSERT INTO mcp_server_deps VALUES(30,10,'GitHub CLI','tool',0,NULL,'Optional: gh CLI for fallback GitHub integration');
INSERT INTO mcp_server_deps VALUES(31,10,'GitHub MCP Server','mcp-server',0,NULL,'Preferred: External GitHub MCP server for data fetching');
INSERT INTO mcp_server_deps VALUES(32,12,'Node.js','runtime',1,NULL,'Required for npx execution');
INSERT INTO mcp_server_deps VALUES(33,12,'tree-sitter-wasm','library',1,NULL,'Auto-downloaded during setup for parsing JavaScript/TypeScript/Python');
INSERT INTO mcp_server_deps VALUES(34,13,'Python 3.13+','runtime',1,NULL,'Required for running the server');
INSERT INTO mcp_server_deps VALUES(35,13,'Sourcegraph','service',0,NULL,'One of: Sourcegraph instance or Zoekt server required');
INSERT INTO mcp_server_deps VALUES(36,13,'Zoekt','service',0,NULL,'One of: Sourcegraph instance or Zoekt server required');
INSERT INTO mcp_server_deps VALUES(37,13,'Anthropic SDK','library',1,NULL,'Required for AI-enhanced search features');
INSERT INTO mcp_server_deps VALUES(38,13,'Langfuse','service',0,NULL,'Optional observability integration');
INSERT INTO mcp_server_deps VALUES(39,7,'Python','runtime',1,'>=3.8','Required runtime environment');
INSERT INTO mcp_server_deps VALUES(40,7,'uv','tool',1,NULL,'Fast Python package installer and runner (for uvx)');
INSERT INTO mcp_server_deps VALUES(41,7,'z3-solver','python-package',1,NULL,'Z3 theorem prover for symbolic execution');
INSERT INTO mcp_server_deps VALUES(42,7,'tree-sitter','python-package',0,NULL,'AST parsing for multiple languages');
INSERT INTO mcp_server_deps VALUES(43,7,'@modelcontextprotocol/sdk','python-package',1,NULL,'MCP SDK for server implementation');
INSERT INTO mcp_server_deps VALUES(44,14,'Python','runtime',1,'>=3.8','Python runtime required');
INSERT INTO mcp_server_deps VALUES(45,14,'Ollama','service',1,NULL,'Local Ollama service must be running for embeddings');
INSERT INTO mcp_server_deps VALUES(46,14,'chromadb','package',1,NULL,'Vector database for storage');
INSERT INTO mcp_server_deps VALUES(47,14,'fastmcp','package',1,NULL,'MCP server framework');
INSERT INTO mcp_server_deps VALUES(48,15,'python','runtime',1,'>=3.10','Python 3.10-3.14 supported');
INSERT INTO mcp_server_deps VALUES(49,15,'neo4j','python',1,'>=5.15.0','Neo4j Python driver');
INSERT INTO mcp_server_deps VALUES(50,15,'tree-sitter','python',1,'>=0.21.0','Code parsing library');
INSERT INTO mcp_server_deps VALUES(51,15,'tree-sitter-language-pack','python',1,'>=0.6.0','Language grammars for tree-sitter');
INSERT INTO mcp_server_deps VALUES(52,15,'watchdog','python',1,'>=3.0.0','File system event monitoring');
INSERT INTO mcp_server_deps VALUES(53,15,'typer','python',1,'>=0.9.0','CLI framework');
INSERT INTO mcp_server_deps VALUES(54,15,'rich','python',1,'>=13.7.0','Terminal formatting');
INSERT INTO mcp_server_deps VALUES(55,15,'inquirerpy','python',1,'>=0.3.4','Interactive prompts');
INSERT INTO mcp_server_deps VALUES(56,15,'python-dotenv','python',1,'>=1.0.0','Environment variable management');
INSERT INTO mcp_server_deps VALUES(57,15,'falkordblite','python',0,'>=0.1.0','FalkorDB Lite (Unix/WSL only, Python 3.12+)');
INSERT INTO mcp_server_deps VALUES(58,15,'neo4j-database','service',0,'','Optional: Neo4j database (via Docker or native)');
INSERT INTO mcp_server_deps VALUES(59,15,'falkordb','service',0,'','Optional: FalkorDB Lite (default, in-process for Unix)');
INSERT INTO mcp_server_deps VALUES(60,21,'Apollo.io API Key','api_key',1,NULL,'Required for contact enrichment and email/phone retrieval');
INSERT INTO mcp_server_deps VALUES(61,21,'OpenAI API Key','api_key',1,NULL,'Required for query generation and profile summarization');
INSERT INTO mcp_server_deps VALUES(62,21,'Nubela Proxycurl API Key','api_key',0,NULL,'Optional fallback for LinkedIn profile extraction');
INSERT INTO mcp_server_deps VALUES(63,21,'Google Custom Search API','api_key',1,NULL,'Required for LinkedIn profile discovery via search');
CREATE TABLE mcp_server_assessments (
  id INTEGER PRIMARY KEY AUTOINCREMENT,
  server_id INTEGER NOT NULL,
  domain TEXT,
  relevance_score INTEGER CHECK(relevance_score BETWEEN 0 AND 100),
  coverage_pct INTEGER CHECK(coverage_pct BETWEEN 0 AND 100),
  recommendation TEXT CHECK(recommendation IN ('reuse', 'extend', 'create')),
  notes TEXT,
  assessed_at TEXT DEFAULT (datetime('now')),
  FOREIGN KEY (server_id) REFERENCES mcp_servers(id) ON DELETE CASCADE
);
INSERT INTO mcp_server_assessments VALUES(1,1,'codebase optimization',95,90,'reuse','Excellent match for codebase optimization needs. Provides comprehensive analysis including project structure, code duplication detection, microservices validation, configuration optimization, and security/performance insights. AI-powered learning improves recommendations over time. The run_complete_project_analysis tool provides one-command complete analysis with prioritized action plans. Supports 9+ languages. Only minor gap: no specific tree-sitter integration, but pattern-based analysis covers most needs.','2026-02-03 18:00:05');
INSERT INTO mcp_server_assessments VALUES(2,2,'code summarization',95,90,'reuse','Excellent fit for code summarization needs. Provides comprehensive file and directory summarization with Gemini Flash 2.0, configurable detail levels, .gitignore support, and MCP integration. Supports 18+ programming languages including TypeScript, JavaScript, Python, Java, C++, Go, Rust, and more. Includes authentication, rate limiting, and retry mechanisms. Main limitation: requires Google API key and depends on Gemini Flash 2.0 (not customizable to other LLM providers currently). For standalone code summarization, this server is ready to use as-is.','2026-02-03 18:00:14');
INSERT INTO mcp_server_assessments VALUES(3,4,'codebase embeddings with Qdrant',95,90,'reuse','Excellent match for codebase embeddings needs. Uses Qdrant as vector store with OpenAI embeddings. Provides semantic search, incremental indexing, file monitoring, and respects .gitignore. Only drawback is the required OpenAI API dependency for embeddings (not fully local). Supports both npm and pip installation. Well-documented with extensive configuration options.','2026-02-03 18:00:27');
INSERT INTO mcp_server_assessments VALUES(4,3,'code research',95,100,'reuse','Perfect fit for code research needs. Provides comprehensive search across Stack Overflow, MDN, GitHub, npm, and PyPI. All tools are designed specifically for code research with caching and rate limiting. No customization needed.','2026-02-03 18:00:28');
INSERT INTO mcp_server_assessments VALUES(5,5,'code indexing',95,90,'reuse','Excellent match for code indexing needs. Provides comprehensive indexing with tree-sitter AST parsing for 7 languages, fallback support for 50+ file types, advanced search capabilities (regex, fuzzy, file filtering), file analysis, and real-time monitoring. Native support for ripgrep/ag/grep auto-detection. Only limitation is need for deep index build for symbol-level analysis.','2026-02-03 18:00:35');
INSERT INTO mcp_server_assessments VALUES(6,8,'codebase context extraction',95,85,'reuse','Excellent match for extracting codebase context. Provides gitignore-aware scanning, binary file filtering, and chunking support. Single tool interface is simple and focused. Minor gap: no semantic filtering or file-type prioritization, but covers 85% of basic context extraction needs. Strong alternative to manual file concatenation or complex directory walking.','2026-02-03 18:00:45');
INSERT INTO mcp_server_assessments VALUES(7,9,'code scanning',95,90,'reuse','Excellent match for code scanning needs. Provides comprehensive code definition extraction with Tree-sitter parsing across 7 languages (JS, TS, C#, PHP, CSS, Python). Key strengths: .gitignore awareness, flexible filtering (types, modifiers, name patterns, paths), multiple output formats (XML, Markdown, JSON), configurable detail levels. Uses battle-tested Tree-sitter for accurate parsing. Active development with recent updates. Only gaps: limited to specific languages (no Go, Rust, Java, etc.) and requires manual installation/build process. For general code scanning across supported languages, this is production-ready and should be reused directly.','2026-02-03 18:00:49');
INSERT INTO mcp_server_assessments VALUES(8,10,'code cross-checking',95,90,'reuse','Highly relevant for code cross-checking with bias-resistant AI review. Implements cross-model evaluation to reduce self-preference bias. Supports multiple review modes (bias_aware, adversarial) and integrates with GitHub. Best for security-critical code review, AI-generated code validation, and multi-model evaluation workflows. Modular design allows integration with GitHub MCP server. Only limitation: requires manual git clone + npm build installation.','2026-02-03 18:01:03');
INSERT INTO mcp_server_assessments VALUES(9,6,'code assistance',75,60,'reuse','Good for basic code modification tasks. Provides XML-based interface for creating, modifying, and deleting files. Best suited for simple code generation workflows. Limited to file-level operations without semantic understanding.','2026-02-03 18:01:06');
INSERT INTO mcp_server_assessments VALUES(10,11,'code assistance',95,90,'reuse','Excellent semantic code assistance with language server integration. Provides symbol-level understanding, efficient navigation, and editing. Supports 15+ languages including Python, TypeScript, Go, Rust, Java, C++. Includes memory system for project context. Highly recommended for complex codebases and IDE-like workflows.','2026-02-03 18:01:06');
INSERT INTO mcp_server_assessments VALUES(11,7,'code analysis and manipulation',98,95,'reuse','Excellent match for code analysis and manipulation. Code Scalpel provides 22 specialized tools across 5 categories: (1) Surgical Extraction & Analysis with AST-based parsing, (2) Taint-Based Security with PDG analysis, (3) Safe Modification with syntax validation and rollback, (4) Verification & Testing with Z3 symbolic execution, and (5) Advanced Analysis with cross-file dependency tracking. Key strengths: deterministic graph-based operations (not text-based guessing), syntax validation before writing, AST/PDG/CFG support, cross-file analysis, cryptographic audit trail, and Z3-powered symbolic execution. Designed specifically for AI agents. Only minor gap: v1.0 launches January 2026, so may be very new. Community Edition is MIT licensed with all 22 tools available.','2026-02-03 18:01:13');
INSERT INTO mcp_server_assessments VALUES(12,12,'code context provision',85,70,'reuse','Excellent for local codebase analysis with zero native dependencies. Provides directory structure and code symbol extraction for JS/TS/Python. Ideal for standalone search without external services. Limitations: Only supports 3 languages, no semantic search, no AI-enhanced features. Best for: quick codebase navigation and symbol lookup.','2026-02-03 18:01:20');
INSERT INTO mcp_server_assessments VALUES(13,13,'code context provision',95,90,'reuse','Superior for enterprise code search with AI-enhanced capabilities. Integrates with Sourcegraph/Zoekt for comprehensive multi-language support. Provides natural language search, query reformulation, and intelligent ranking. Requires external search backend setup. Best for: large codebases, semantic search needs, teams already using Sourcegraph/Zoekt.','2026-02-03 18:01:20');
INSERT INTO mcp_server_assessments VALUES(14,14,'code knowledge management',95,85,'reuse','Excellent match for code knowledge management. Provides semantic search over codebase with vector embeddings, persistent knowledge storage, and RAG-based context. Uses Ollama for local embeddings and ChromaDB for vector storage. Only gap is that it requires manual building from source (no pip package published yet). The two tools (add_knowledge and search_knowledge) cover core knowledge management needs: ingesting code context and querying it semantically.','2026-02-03 18:01:22');
INSERT INTO mcp_server_assessments VALUES(15,15,'code graph context',95,90,'reuse','Perfect match for code graph context needs. Provides comprehensive code indexing into graph database (Neo4j/FalkorDB), supports 12 programming languages, includes call chain analysis, dead code detection, complexity analysis, and real-time file watching. Exposes 18 MCP tools covering all aspects of code relationship queries. Pre-indexed bundles available for popular libraries. Only minor gap is Windows native support (requires WSL for FalkorDB Lite). Strongly recommended for AI-assisted code navigation and understanding.','2026-02-03 18:02:02');
INSERT INTO mcp_server_assessments VALUES(16,16,'codebase intelligence',50,40,'create','Limited information available. Repository link (https://github.com/chatcbdai/codebase-iq-pro) returns 404. Server is listed on mcpservers.org but lacks documentation, install instructions, and code availability. Cannot verify actual capabilities, tools exposed, or implementation details. Given the need for codebase intelligence with known tools and active maintenance, recommend creating a custom solution using proven alternatives like codebase-mcp (DeDeveloper23) or code-index-mcp.','2026-02-03 18:02:18');
INSERT INTO mcp_server_assessments VALUES(17,19,'job-hunting',92,95,'reuse','Excellent fit for job hunting - native email finder, domain search, and lead generation directly address email discovery and contact identification needs. Hunter.io is industry-standard for B2B prospecting. Note: Deprecated in favor of Hunter Remote MCP Server but still functional.','2026-02-05 06:08:57');
INSERT INTO mcp_server_assessments VALUES(18,18,'job-hunting',95,90,'reuse','Excellent fit for applicant tracking and hiring workflows. Provides direct access to candidate contact information (emails, phones), LinkedIn profiles, and company data - all critical for job hunting, recruiter workflows, and applicant tracking. Primary API dependency on Hatch API requires subscription but offers comprehensive contact enrichment capabilities.','2026-02-05 06:09:01');
INSERT INTO mcp_server_assessments VALUES(19,17,'job-hunting',95,90,'reuse','Excellent fit for job hunting use case. Provides comprehensive resume management (create, edit, publish, delete), vacancy search and filtering, application tracking (negotiations, messages), portfolio management for artifacts. Covers 167+ tools including salary analysis. Minimal coverage gaps: lacks direct collaboration features, limited to HeadHunter API. Highly recommended for job seeker automation.','2026-02-05 06:09:01');
INSERT INTO mcp_server_assessments VALUES(20,20,'job-hunting',92,95,'reuse','Excellent fit for LinkedIn job hunting automation. Provides comprehensive job search, job details retrieval, profile analysis for networking, and company research capabilities. Direct integration with LinkedIn API via browser automation. Minimal gaps: lacks interview scheduling or salary negotiation tools.','2026-02-05 06:09:08');
INSERT INTO mcp_server_assessments VALUES(21,21,'job-hunting',95,90,'reuse','Excellent fit for job hunting - directly addresses LinkedIn profile management, job search automation, and candidate research. Provides comprehensive tools for profile extraction, contact enrichment, and data export. Primary gaps: no built-in job listing scraping (though extraction tools can be adapted), no integration with job boards beyond LinkedIn. Requires API credentials but comprehensive feature set.','2026-02-05 06:09:31');
INSERT INTO mcp_server_assessments VALUES(22,22,'job-hunting',95,90,'reuse','Highly relevant for job board aggregation and search. Zero-config setup perfect for immediate use. Multi-platform aggregation covers major recruitment sites. Standardized output ideal for AI processing. Missing: custom salary thresholds, application tracking, email notifications.','2026-02-05 06:10:34');
INSERT INTO mcp_server_assessments VALUES(23,23,'job-hunting',95,100,'reuse','Excellent fit for job hunting use case. Directly addresses cover letter generation need with professional LaTeX output, folder organization for managing multiple applications, and seamless Claude Desktop integration. Handles all core requirements: letter generation, custom organization, and file management. Security features ensure safe file operations. Only limitation is Docker dependency which is well-documented.','2026-02-05 06:10:49');
INSERT INTO mcp_server_assessments VALUES(24,25,'job-hunting',95,90,'reuse','Excellent fit for job-hunting use case. Provides resume management, CV generation, job description analysis, and interactive context matching. Supports multiple LLM providers (OpenRouter, OpenAI, Ollama). Python-based with clean architecture. Can be extended to include job application tracking, salary negotiation assist, and interview prep. EU AI Act compliant adds trust for sensitive career data.','2026-02-05 06:10:51');
INSERT INTO mcp_server_assessments VALUES(25,24,'job-hunting',95,90,'reuse','Highly relevant for job hunting. Provides direct Google Jobs search integration via SerpAPI with comprehensive filtering (location, salary, employment type, posting date). Multi-language support (en, zh-CN, ja, ko) enables global job searches. Single tool (search_jobs) exposes all necessary parameters. Requires SerpAPI key (100 free calls/month, then $50/month for 5000 calls). Active maintenance (last commit 2026-02-04). Perfect fit for job aggregation and search workflows. Minor limitation: single search tool without separate aggregation capabilities, but core job discovery needs are fully met.','2026-02-05 06:10:57');
INSERT INTO mcp_server_assessments VALUES(26,26,'job-hunting',95,90,'reuse','Excellent fit for job hunting use case. Provides comprehensive job application tracking, interview scheduling, company profile management, and contact tracking. Directly addresses application tracking and job search management needs. Well-architected with Supabase backend for persistence and multi-user support.','2026-02-05 06:10:58');
INSERT INTO mcp_server_assessments VALUES(27,27,'job-hunting',95,90,'reuse','Highly relevant for resume/CV building. Provides direct resume generation with 9 professional templates, folder organization for tracking applications, and natural language interface. Integrates seamlessly with Claude. Primary gap: lacks direct job description parsing and application tracking, but compatible with job-hunting workflow.','2026-02-05 06:12:09');
INSERT INTO mcp_server_assessments VALUES(28,30,'job-hunting',95,90,'reuse','Excellent fit for job hunting use case. Provides direct access to 399M+ job postings, 74M+ company records for research, and 823M+ employee records for networking intelligence. Company API enables market research and industry analysis. Employee API supports researching companies and finding connections. Jobs API critical for job market intelligence and opportunity discovery.','2026-02-05 06:12:21');
INSERT INTO mcp_server_assessments VALUES(29,28,'Job hunting - job search automation',95,90,'reuse','Directly addresses the job-hunting need with a focused get_jobs tool that provides real-time job search with flexible filtering by keywords, remote status, and time range. Simple, lightweight, and actively maintained. Can be used as-is for basic job search or extended with additional job sources.','2026-02-05 06:12:27');
INSERT INTO mcp_server_assessments VALUES(30,29,'job-hunting',95,100,'reuse','Excellent fit for job hunting use case. Provides complete end-to-end capability for CV/resume generation with ATS optimization, cover letter creation, and email templates. Automatically extracts key information from job postings and tailors content specifically to match job requirements. Supports multiple output formats (PDF, HTML, Markdown) with professional styling. 14 specialized tools cover all aspects of job application preparation. No extensions needed for core requirements; ready for immediate use in helping job seekers create competitive, customized applications.','2026-02-05 06:12:38');
INSERT INTO sqlite_sequence VALUES('mcp_servers',31);
INSERT INTO sqlite_sequence VALUES('mcp_server_tools',206);
INSERT INTO sqlite_sequence VALUES('mcp_server_deps',63);
INSERT INTO sqlite_sequence VALUES('mcp_server_assessments',30);
INSERT INTO sqlite_sequence VALUES('mcp_servers',5);
INSERT INTO sqlite_sequence VALUES('mcp_server_tools',9);
INSERT INTO sqlite_sequence VALUES('mcp_server_deps',7);
INSERT INTO sqlite_sequence VALUES('mcp_server_assessments',1);
COMMIT;
